AssetName,Category,AuthorOrPublisher,SourceURL,License,AcquiredDate,Modified,LicenseProofPath,Notes
Anime Character Pack (Legacy),Character,Studio SyndiCat,https://www.fab.com/listings/cdcb9d1c-1190-4f45-b472-b7499e8da869,CC BY 4.0,2026-08-13,No,Docs/W00第三方资源授权记录.md,W00 modular anime female avatar; attribution required
Stylized Eastern Village,Environment,AleksandrIvanov,https://www.fab.com/listings/9841fee2-683f-4e68-adb8-bafec270a251,Fab Standard License,2026-08-13,No,Docs/W00第三方资源授权记录.md,W00 xianxia-style architecture and vegetation
Stylized Portals VFX,VFX,cryptidCaserole,https://www.fab.com/listings/e3cb6293-e29f-4b94-810a-65daf84ffec9,Fab Standard License,2026-08-13,No,Docs/W00第三方资源授权记录.md,W00 Niagara vortex portal; depends on Realistic Starter VFX Pack Vol 2
Realistic Starter VFX Pack Vol 2,VFX Dependency,FX Cat UA,https://www.fab.com/listings/ac2818b3-7d35-4cf5-a1af-cbf8ff5c61c1,Fab Standard License,2026-08-13,No,Docs/W00第三方资源授权记录.md,Material and texture dependency for Stylized Portals VFX
Fantasy Action Icons And Card Design,Card Art,zonked,https://opengameart.org/content/fantasy-action-icons-and-card-design,CC0 1.0 Universal,2026-08-13,No,Docs/Licenses/W01/FantasyActionIcons_CC0.md,W01 six action-card textures imported with stable Unreal asset names
RPG Character Pack,Character,Quaternius,https://quaternius.com/packs/rpgcharacters.html,CC0 1.0 Universal,2026-08-13,No,Docs/Licenses/W01/Quaternius_RPGCharacterPack_CC0.md,W01 Warrior plus Cleric Wizard and Ranger NPC skeletal meshes textures and embedded animations
Animated Monster Pack,Enemy Character,Quaternius,https://quaternius.com/packs/animatedmonster.html,CC0 1.0 Universal,2026-08-13,No,Docs/Licenses/W01/Quaternius_AnimatedMonsterPack_CC0.md,W01 Skeleton FBX imported as the Blackthorn enemy mesh when FBX import succeeds
LowPoly Medieval Village Pack,Environment,Quaternius,https://opengameart.org/content/lowpoly-medieval-village-pack,CC0 1.0 Universal,2026-08-14,No,Docs/Licenses/W01/Quaternius_W01WorldEnvironment_CC0.md,W01 village props and paths; W02 private campfire and path copies
LowPoly Medieval Buildings,Environment,Quaternius,https://opengameart.org/content/lowpoly-medieval-buildings,CC0 1.0 Universal,2026-08-14,No,Docs/Licenses/W01/Quaternius_W01WorldEnvironment_CC0.md,W01 modular stone buildings; W02 private tower wall and entrance-arch copies
LowPoly Nature Pack,Environment,Quaternius,https://opengameart.org/content/lowpoly-nature-pack,CC0 1.0 Universal,2026-08-14,No,Docs/Licenses/W01/Quaternius_W01WorldEnvironment_CC0.md,W01 tree bush grass and rock
Castle Kit 2.0,Environment,Kenney,https://www.kenney.nl/assets/castle-kit,CC0 1.0 Universal,2026-08-15,No,Docs/Licenses/W02/Kenney_CastleKit_CC0.md,W02 selected modular western castle tower wall stair bridge and gate meshes
Modular Fort 01,Environment,Rico Cilliers / Poly Haven,https://polyhaven.com/a/modular_fort_01,CC0 1.0 Universal,2026-08-15,Yes,Docs/Licenses/W02/PolyHaven_ModularFort01_CC0.md,W02 realistic modular fort FBX and 1K Wall Trim Plaster PBR materials in private W02 paths
Wood Planks,Material Texture,Amal Kumar / Poly Haven,https://polyhaven.com/a/wood_planks,CC0 1.0 Universal,2026-08-15,Yes,Docs/Licenses/W02/PolyHaven_ModularFort01_CC0.md,W02 realistic 1K diffuse DirectX normal and roughness material for wood platforms and beams
Universal Animation Library 2 Standard,Skeletal Animation,Quaternius,https://quaternius.com/packs/universalanimationlibrary2.html,CC0 1.0 Universal,2026-08-19,Yes,Docs/Licenses/W02/Quaternius_UniversalAnimationLibrary2_CC0.md,W02 43-animation Standard pack; jump start loop land and 1m climb are retargeted to the existing anime character skeleton
