Shot,Start,End,Duration,Name,Visual,Camera,VoiceKey,AudioKey
S01,00:00,00:06,6,重来之声,黑暗中的前世记忆碎片被墨水吞没,极慢推近,如果能重来,心跳与倒放潮水
S02,00:06,00:13,7,界外坠落,匿名灵魂坠过破碎世界进入太虚,跟随倒坠,去到另一个世界,风声与编钟
S03,00:13,00:20,7,答案并不属于这里,尘土图纸被陌生灵气吹散,手部近景后拉焦,记得答案不等于看懂问题,砂砾与木门
S04,00:20,00:28,8,魔庭百年,无相魔兵从百姓胸口抽取愿火,高位横移后下降,吞食人的愿望,低人声与抽离声
S05,00:28,00:36,8,另一个界外之人,年轻顾长渊为伤者止血并观察粮道,绷带上移至眼睛,他叫顾长渊,古琴主题首次出现
S06,00:36,00:44,8,知识成为方法,净水医伤记账协作的抵抗营地蒙太奇,四段匹配剪辑,他带来的不是神谕而是方法,木器沸水与脚步
S07,00:44,00:53,9,众人之战,六派平民军后勤与法术协同作战,侧向长镜穿越阵线,把彼此交给彼此,战鼓剑鸣与远雷
S08,00:53,01:01,8,无明渊,顾长渊将魔心封入胸口并斩开魔座,环绕半圈,把最后的魔心封进自己体内,三次心跳与真空
S09,01:01,01:09,8,太平初日,重建山城与被推上木台的疲惫英雄,由水面抬升至全城,请英雄再守十年,晨鸟笛与暖弦
S10,01:09,01:17,8,十年又十年,固定机位中木台变玉阶青年变镇世者,完全锁定时间流逝,十年之后还有叛乱,编钟与机械化节拍
S11,01:17,01:25,8,太平天律,粮药公平发放但迁徙职业与历史被控制,平行横向构图,他替人们决定,木梆门闩与刷纸
S12,01:25,01:32,7,英雄与恶龙,顾长渊独坐空殿法环投下龙影,极慢后拉,英雄与恶龙交换名字,低弦与一次心跳
S13,01:32,01:36,4,碑林苏醒,第一人称在暴雨无名碑林睁眼,眨眼曝光后稳定,而现在你醒来了,暴雨喘息与泥水
S14,01:33,01:36,3,题名叠化,闪电照亮碑林后由剪辑叠加游戏题名,与S13尾部叠化,无,远钟与两音题名动机
